Urban region,Labor market size,IKAs market,IKAs Percentage
Megalópolis,11112018,1724986,0.1552360696
Northeast,3448620,480579,0.1393540025
Center-west,3159589,459154,0.1453207996
Center-north,3143954,434660,0.1382526589
Yucatán peninsula,1240212,153477,0.1237506168
Northwest,1136887,139085,0.1223384558
Gulf-east,673913,89698,0.1331002667
